Seed, MSE, RMSE, MAE, sMAPE, Trained Model Filename
387651,0.004204305820167065,0.0582733191549778,0.04935994744300842,0.13624069094657898,tsrnn48_dyt_387651.smd
615063,0.004711811430752277,0.06123800203204155,0.05191274732351303,0.18359525501728058,tsrnn48_aep_615063.smd
527733,0.00982892606407404,0.0782209187746048,0.06663352251052856,0.16307148337364197,tsrnn24_ree_527733.smd
